episode,timesteps,ep_rew_mean
1,100,-85.98366483441237
2,200,10.85405248283127
